同花顺概念名称,东方财富概念名称
BC电池,BC电池
TOPCON电池,TOPCon电池
HJT电池,HIT电池
硅能源,氢能源
深圳国企改革,国企改革
钙钛矿电池,钙钛矿电池
PVDF概念,PVDF概念
钠离子电池,钠离子电池
固态电池,固态电池
石墨电极,石墨烯
光伏建筑一体化,光伏建筑一体化
CRO概念,CPO概念
锂电池,锂电池
建筑节能,建筑节能
无人零售,新零售
动力电池回收,动力电池回收
有机硅概念,有机硅
氟化工概念,氟化工
云游戏,云游戏
宁德时代概念,代糖概念
MicroLED概念,MicroLED
稀土永磁,稀土永磁
Sora概念(文生视频),Sora概念
装配式建筑,装配建筑
股权转让(并购重组),股权转让
净水概念,净水概念
短剧游戏,短剧互动游戏
高压快充,高压快充
磷化工,磷化工
储能,储能
新型城镇化,新型城镇化
第三代半导体,第三代半导体
手机游戏,云游戏
虚拟电厂,虚拟电厂
快手概念,快手概念
石墨烯,石墨烯
创投,创投
环氧丙烷,环氧丙烷
AI语料,AI语料
噪声防治,噪声防治
房屋检测,房屋检测
垃圾分类,垃圾分类
土壤修复,土壤修复
节能环保,节能环保
草甘膦,草甘膦
独角兽概念,独角兽
C2M概念,C2M概念
海南自贸区,上海自贸
钒电池,钒电池
上海国企改革,国企改革
基因测序,基因测序
固废处理,医废处理
雄安新区,雄安新区
国资云,国资云概念
细胞免疫治疗,免疫治疗
旅游概念,手游概念
MiniLED,MiniLED
数字水印,数字水印
碳纤维,碳纤维
换电概念,换电概念
智慧灯杆,智慧灯杆
富士康概念,富士康
PPP概念,PLC概念
燃料电池,燃料电池
体育产业,体育产业
NFT概念,NFT概念
氢能源,氢能源
网络游戏,网络游戏
OLED,OLED
水泥概念,净水概念
绿色电力,绿色电力
超级电容,超级电容
租售同权,租售同权
电子竞技,电子竞技
广东自贸区,东盟自贸区概念
水利,水利建设
供销社,供销社概念
职业教育,职业教育
空气能热泵,空气能热泵
云办公,远程办公
一体化压铸,汽车一体化压铸
特高压,特高压
可降解塑料,降解塑料
电子商务,电子烟
特斯拉概念,特斯拉
钛白粉概念,钛白粉
存储芯片,存储芯片
智能家居,智能家居
柔性屏(折叠屏),柔性屏(折叠屏)
生物质能发电,生物质能发电
新能源汽车,新能源车
长三角一体化,长江三角
电子纸,电子纸概念
减肥药,减肥药
无线充电,无线充电
虚拟数字人,虚拟数字人
消毒剂,消毒剂
化债概念(AMC概念),化债(AMC)概念
人民币贬值受益,贬值受益
举牌,举牌
食品安全,食品安全
深股通,深股通
数据中心,数据中心
工业互联网,工业互联
网络直播,网红直播
乡村振兴,乡村振兴
充电桩,充电桩
科创次新股,次新股
智能电网,智能电网
医美概念,医疗器械概念
地下管网,地下管网
AIGC概念,AIGC概念
啤酒概念,啤酒概念
知识产权保护,知识产权
3D打印,3D打印
预制菜,预制菜概念
中俄贸易概念,中俄贸易概念
电力物联网,物联网
代糖概念,代糖概念
国企改革,国企改革
华为概念,华为概念
重组蛋白,重组蛋白
冷链物流,冷链物流
免税店,退税商店
Web3.0,Web3.0
医疗废物处理,医废处理
芯片概念,中芯概念
专精特新,专精特新
多模态AI,多模态AI
跨境电商,跨境电商
融资融券,融资融券
数字孪生,数字孪生
一带一路,一带一路
白酒概念,啤酒概念
核污染防治,核污染防治
参股银行,参股银行
AI眼镜,AI眼镜
统一大市场,统一大市场
数据要素,数据要素
新型工业化,新型工业化
区块链,区块链
消费电子概念,电子纸概念
医疗器械概念,医疗器械概念
社区团购,社区团购
传感器,传感器
苹果概念,苹果概念
毫米波雷达,毫米波概念
PEEK材料,PEEK材料概念
PCB概念,PLC概念
智能穿戴,智能穿戴
低空经济,低空经济
京津冀一体化,京津冀
智慧城市,智慧城市
小金属概念,小金属概念
虚拟现实,虚拟现实
合成生物,合成生物
光刻胶,光刻机(胶)
超超临界发电,超超临界发电
智慧政务,智慧政务
机器人概念,机器人概念
互联网医疗,互联医疗
沪股通,沪股通
ST板块,ST股
安防,国家安防
5G,5G概念
数字经济,数字经济
碳交易,碳交易
生态农业,生态农业
创新药,创新药
煤化工概念,煤化工
百度概念,百度概念
在线教育,在线教育
汽车热管理,汽车热管理
ChatGPT概念,ChatGPT概念
海工装备,海工装备
毛发医疗,毛发医疗
培育钻石,培育钻石
数据确权,数据确权
东数西算(算力),东数西算
元宇宙,元宇宙概念
抽水蓄能,抽水蓄能
参股券商,参股券商
人造肉,人造肉
无线耳机,无线耳机
ETC,ETC
阿里巴巴概念,阿里概念
人工智能,人工智能
土地流转,土地流转
转基因,转基因
农业种植,农业种植
无人机,无人机
汽车拆解概念,汽车拆解
辅助生殖,辅助生殖
托育服务,托育服务
工业母机,工业母机
小米概念,小米概念
西部大开发,西部大开发
电子身份证,电子身份证
机器视觉,机器视觉
英伟达概念,英伟达概念
商业航天,商业航天
军工,军工
时空大数据,时空大数据
核电,核能核电
华为汽车,华为汽车
肝炎概念,肝炎概念
空间计算,空间计算
MR(混合现实),混合现实
幽门螺杆菌概念,幽门螺杆菌概念
军民融合,军民融合
上海自贸区,上海自贸
互联网金融,互联金融
拼多多概念,拼多多概念
央企国企改革,国企改革
宠物经济,宠物经济
人形机器人,机器人概念
财税数字化,财税数字化
大飞机,大飞机
物联网,物联网
汽车电子,电子烟
工业大麻,工业大麻
动物疫苗,生物疫苗
数据安全,数据安全
中芯国际概念,中芯概念
天然气,天然气
车联网(车路协同),车联网(车路云)
航运概念,航母概念
养老概念,养老概念
DRG/DIP,DRG/DIP
蚂蚁金服概念,黄金概念
小米汽车,小米汽车
F5G概念,F5G概念
维生素,维生素
猪肉,猪肉概念
网络安全,网络安全
流感,流感
粮食概念,粮食概念
6G概念,6G概念
无人驾驶,无人驾驶
飞行汽车(eVTOL),飞行汽车(eVTOL)
页岩气,页岩气
信创,信创
减速器,减速器
禽流感,流感
汽车芯片,汽车芯片
参股保险,参股保险
星闪概念,星闪概念
生物疫苗,生物疫苗
乳业,乳业
光刻机,光刻机(胶)
鸿蒙概念,鸿蒙概念
黄金概念,黄金概念
中字头股票,中字头
移动支付,移动支付
民爆概念,民爆概念
华为海思概念股,华为海思
华为昇腾,华为昇腾
AI手机,AI手机
赛马概念,赛马概念
ERP概念,ERP概念
铜缆高速连接,铜缆高速连接
可控核聚变,可控核聚变
注册制次新股,注册制次新股
NMN概念,C2M概念
可燃冰,可燃冰
高压氧舱,特高压
军工信息化,军工
证金持股,证金持股
华为欧拉,华为欧拉
数字货币,数字货币
超级品牌,超级品牌
新股与次新股,次新股
血氧仪,血氧仪
超导概念,超导概念
跨境支付(CIPS),跨境支付
EDR概念,EDR概念
青蒿素,青蒿素
MLOps概念,MLOps概念
